OTM70_ZoneID,Population_Scn1
1.0,200.42
2.0,359.07
3.0,202.37
5.0,856.4100000000001
6.0,133.97
8.0,296.44
9.0,760.84
11.0,467.29
12.0,216.06
13.0,340.88
14.0,533.5
15.0,195.69
16.0,836.4899999999999
17.0,225.75
18.0,367.52
19.0,345.84000000000003
20.0,1643.48
21.0,383.1
22.0,183.76
25.0,568.57
28.0,499.16
29.0,1855.12
30.0,208.99
31.0,117.08
34.0,181.52
35.0,809.23
37.0,173.06
38.0,608.88
41.0,109.56
44.0,97.75
45.0,509.63
46.0,3757.9
47.0,494.47
48.0,345.37
49.0,1015.75
54.0,296.92
55.0,430.92
56.0,696.8100000000001
57.0,4479.08
58.0,1347.73
59.0,941.53
61.0,159.84
62.0,61.91
63.0,600.0899999999999
64.0,2022.48
66.0,53.22
67.0,106.88
68.0,3121.18
69.0,342.85
71.0,1516.68
72.0,275.73
73.0,399.82
74.0,959.06
75.0,1739.72
76.0,521.12
77.0,176.84
78.0,3538.47
79.0,1080.0
80.0,2316.76
81.0,459.98
83.0,3234.54
85.0,1313.6799999999998
86.0,1688.78
87.0,700.0
88.0,1055.54
89.0,3086.8500000000004
90.0,1972.6
92.0,108.78
93.0,1303.18
94.0,524.74
95.0,2762.68
96.0,3837.65
97.0,4122.58
98.0,3600.55
99.0,367.38
100.0,1874.42
101.0,446.97
102.0,556.65
103.0,989.77
104.0,2343.02
105.0,6285.62
107.0,361.33
108.0,320.75
109.0,783.6899999999999
110.0,672.0
111.0,164.86
112.0,1429.98
113.0,4782.04
114.0,3946.93
115.0,1647.12
116.0,71.81
117.0,437.94000000000005
118.0,81.92
119.0,780.0
120.0,2189.78
121.0,709.88
122.0,619.94
124.0,961.83
127.0,297.72
128.0,112.27
129.0,2183.5
130.0,533.77
131.0,1158.58
132.0,2886.51
134.0,24.3
135.0,1100.04
136.0,495.0
137.0,639.69
138.0,653.3
139.0,708.27
143.0,1732.24
144.0,723.88
145.0,260.7
146.0,249.0
147.0,1877.23
148.0,814.5799999999999
149.0,1994.55
151.0,5286.0
152.0,91.38
156.0,2438.11
157.0,1973.62
158.0,3325.67
159.0,42.15
160.0,3662.65
161.0,4275.4800000000005
162.0,1005.59
163.0,1726.67
164.0,3855.66
165.0,2404.56
166.0,856.06
168.0,643.76
169.0,1336.92
170.0,3897.22
171.0,3626.11
172.0,2311.04
173.0,1750.62
175.0,575.04
176.0,8164.25
177.0,1579.51
179.0,706.74
180.0,2216.01
181.0,1165.4
183.0,1432.6
184.0,1135.92
185.0,1016.0
186.0,222.72
187.0,1225.6
189.0,959.12
190.0,397.22
191.0,1988.73
192.0,1452.88
193.0,6358.19
194.0,2848.42
195.0,560.28
196.0,1019.15
197.0,1899.7
198.0,828.0
199.0,3492.85
200.0,954.49
201.0,749.07
202.0,1188.62
203.0,3383.4
204.0,591.75
205.0,931.76
206.0,882.16
207.0,1162.8200000000002
208.0,2588.61
209.0,564.39
210.0,3314.86
211.0,895.44
212.0,1159.39
213.0,688.56
214.0,4740.86
215.0,3022.4300000000003
216.0,1813.61
217.0,756.38
218.0,1217.04
219.0,2718.75
220.0,1742.52
221.0,3122.0
222.0,1021.32
223.0,598.86
224.0,1059.77
226.0,983.44
227.0,3471.09
228.0,5684.849999999999
229.0,1689.16
230.0,2932.92
231.0,420.72
232.0,250.21
233.0,402.99
234.0,888.96
235.0,1476.53
237.0,2533.02
240.0,4474.97
241.0,744.96
243.0,626.9000000000001
245.0,276.49
246.0,1753.38
247.0,544.5
249.0,348.51
250.0,2750.68
251.0,426.5
253.0,257.14
254.0,932.88
256.0,1970.19
258.0,2091.19
260.0,3912.8
261.0,938.48
262.0,559.8
265.0,1349.64
266.0,474.12
268.0,1114.88
269.0,2900.7
271.0,1616.72
273.0,1510.96
275.0,341.59000000000003
276.0,2606.28
278.0,0.48
279.0,1489.65
281.0,531.72
282.0,1102.98
284.0,4615.19
288.0,2517.18
289.0,2214.4300000000003
290.0,823.0
291.0,1862.0
292.0,821.0
293.0,1777.24
294.0,2554.91
295.0,759.75
296.0,835.1700000000001
297.0,634.4
298.0,2806.25
299.0,872.9100000000001
300.0,5389.56
301.0,3076.98
302.0,821.09
303.0,2814.0
304.0,408.24
305.0,14959.4
306.0,684.09
307.0,792.0
308.0,777.9000000000001
309.0,967.76
310.0,912.19
311.0,2.92
312.0,1417.0
313.0,1204.1
316.0,942.0
317.0,734.93
318.0,535.76
319.0,2478.49
320.0,3629.78
321.0,1508.44
322.0,688.33
323.0,697.34
324.0,1345.84
325.0,644.79
326.0,668.07
327.0,1156.76
328.0,1156.9299999999998
329.0,1029.24
330.0,486.12
331.0,918.0
332.0,735.75
333.0,4368.99
334.0,2428.23
335.0,1956.33
336.0,446.04
337.0,4374.429999999999
338.0,428.68
339.0,1382.0
340.0,1157.85
342.0,978.99
343.0,853.52
344.0,2539.39
345.0,3047.66
346.0,1977.9
347.0,782.68
349.0,1194.83
350.0,1947.02
351.0,3025.4
352.0,3139.67
353.0,3238.06
354.0,891.8
355.0,3930.21
356.0,1962.36
357.0,1732.92
358.0,1340.96
359.0,4707.42
360.0,907.18
361.0,1438.84
362.0,866.77
363.0,953.78
364.0,5582.4400000000005
365.0,1144.0800000000002
366.0,893.55
367.0,2771.02
368.0,1015.24
369.0,781.47
370.0,6207.839999999999
371.0,811.3199999999999
372.0,636.0
373.0,810.15
374.0,1907.51
375.0,815.4000000000001
376.0,924.35
377.0,1229.8
378.0,1195.16
379.0,695.24
380.0,1037.38
381.0,5410.759999999999
382.0,6735.85
383.0,1739.02
384.0,215.76
385.0,4092.42
386.0,5572.76
388.0,7473.45
389.0,302.01
391.0,1213.78
392.0,1041.79
394.0,591.52
395.0,1638.34
397.0,2486.42
398.0,519.59
399.0,321.26
400.0,1876.53
401.0,6816.960000000001
402.0,1720.7
403.0,883.74
404.0,991.0
405.0,6552.0
407.0,2124.24
408.0,1828.42
409.0,4458.7
410.0,470.0
411.0,688.83
412.0,996.58
413.0,954.57
414.0,841.13
415.0,1843.92
416.0,3003.02
417.0,1159.73
418.0,1157.0
419.0,6113.200000000001
421.0,435.27
423.0,568.01
424.0,351.43
425.0,14304.99
426.0,494.46
427.0,974.66
428.0,1388.0
430.0,1891.14
431.0,215.56
432.0,167.54
433.0,691.25
434.0,2236.19
435.0,264.6
436.0,630.01
437.0,487.15
438.0,3051.08
439.0,4147.110000000001
440.0,1739.01
442.0,692.56
443.0,2969.72
445.0,1084.33
446.0,263.34000000000003
447.0,1446.23
448.0,1073.71
449.0,7679.84
450.0,1452.34
451.0,0.0
453.0,2380.65
454.0,5925.0
455.0,2630.0
456.0,1196.0
457.0,461.43
459.0,3047.2200000000003
460.0,4062.06
461.0,975.57
462.0,799.64
463.0,215.95
464.0,0.0
466.0,3759.0
467.0,22741.25
468.0,1377.2
469.0,3654.480000000001
470.0,13.24
471.0,485.05
472.0,643.1099999999999
473.0,256.85
474.0,8529.0
475.0,6182.120000000001
476.0,2709.84
478.0,461.79
480.0,789.5
481.0,5686.92
482.0,1571.22
484.0,1105.41
485.0,2659.0
486.0,174.0
487.0,601.47
488.0,519.19
489.0,418.0
491.0,5313.83
492.0,2318.96
493.0,1402.52
494.0,738.27
496.0,51.0
498.0,678.0
500.0,435.75
501.0,186.46
503.0,2052.74
504.0,1947.63
505.0,6111.04
506.0,1472.38
507.0,1629.75
508.0,637.44
509.0,1606.12
510.0,2730.75
511.0,1422.73
512.0,1452.11
513.0,869.12
514.0,4523.07
515.0,3239.38
516.0,1292.32
517.0,74.59
518.0,1653.97
519.0,402.33
520.0,787.67
521.0,205.7
522.0,1679.28
523.0,206.83
524.0,1445.86
525.0,1942.01
526.0,205.71
527.0,1744.2599999999998
528.0,1490.0
529.0,9114.08
530.0,5261.87
531.0,563.76
532.0,362.52
533.0,7626.969999999999
534.0,1490.35
535.0,680.61
537.0,3762.1
538.0,198.63
539.0,12211.5
540.0,72.41
542.0,0.6
543.0,390.78
544.0,2664.69
546.0,3722.69
548.0,5288.26
549.0,220.2
550.0,389.42
551.0,665.3499999999999
552.0,337.02
553.0,359.94
554.0,24895.26
555.0,866.3199999999999
556.0,413.88
557.0,153.62
558.0,1815.99
559.0,4149.2
561.0,261.55
562.0,526.24
563.0,1451.51
564.0,1808.18
565.0,576.98
566.0,871.69
567.0,672.04
568.0,2053.26
569.0,2057.13
570.0,1145.79
571.0,605.66
572.0,392.59
573.0,1627.16
574.0,1688.47
575.0,3970.72
576.0,958.79
577.0,894.83
579.0,496.5
580.0,623.96
581.0,2146.36
582.0,1142.74
584.0,2517.23
585.0,96.58
586.0,751.01
587.0,808.62
588.0,963.66
589.0,2276.54
590.0,1277.65
591.0,552.3000000000001
592.0,152.91
593.0,829.9599999999999
594.0,960.09
595.0,315.34
596.0,233.64
597.0,167.94
598.0,733.95
599.0,293.98
600.0,157.67
601.0,1978.81
602.0,932.65
603.0,231.93
604.0,228.88
605.0,196.25
607.0,1912.0
608.0,2624.5
610.0,1152.51
611.0,575.72
612.0,2062.04
613.0,40.69
614.0,2693.58
615.0,124.14
616.0,599.99
618.0,326.24
619.0,108.81
620.0,149.48000000000002
621.0,157.63
622.0,131.19
623.0,329.49
624.0,50.85
625.0,4648.08
626.0,643.49
627.0,156.61
628.0,1743.89
629.0,1198.41
630.0,217.63
634.0,1705.11
635.0,110.85
636.0,1814.22
637.0,654.6899999999999
638.0,111.86
639.0,518.78
640.0,129.55
641.0,2051.99
642.0,92.96
643.0,65.33
644.0,872.0699999999999
645.0,1897.86
646.0,187.9
647.0,136.53
649.0,1056.86
650.0,644.81
651.0,239.33
652.0,358.32
653.0,282.84000000000003
654.0,467.75
655.0,1772.1699999999998
658.0,402.5
659.0,1190.16
660.0,479.17
661.0,690.97
662.0,450.29
663.0,1290.36
664.0,859.69
665.0,2718.42
666.0,415.9500000000001
668.0,79.34
669.0,8349.560000000001
670.0,1277.47
671.0,273.74
672.0,2405.9
673.0,1967.75
674.0,1753.84
675.0,2108.72
676.0,733.19
677.0,736.86
678.0,3810.07
679.0,1528.75
680.0,4155.76
681.0,5835.97
682.0,408.49
683.0,442.59
684.0,180.96
685.0,1009.03
686.0,1098.9
687.0,2235.86
688.0,586.78
689.0,2431.64
690.0,2895.32
691.0,209.83
692.0,1632.34
693.0,1041.41
694.0,996.42
695.0,670.46
696.0,291.22
697.0,529.91
698.0,2495.06
699.0,246.51
700.0,203.57
701.0,164.04
702.0,2474.89
703.0,1491.71
704.0,3445.32
705.0,2449.46
706.0,116.97
707.0,966.11
708.0,506.42
709.0,388.33
710.0,251.4
711.0,144.78
712.0,391.93
713.0,284.66
714.0,4698.75
715.0,169.3
716.0,330.38
717.0,130.31
718.0,94.89
719.0,180.58
720.0,169.24
721.0,255.48
722.0,138.91
723.0,220.6
725.0,179.91
726.0,64.64
727.0,240.64
728.0,198.02
730.0,418.62
731.0,203.25
732.0,70.02
733.0,142.62
734.0,323.85
735.0,1046.46
737.0,3721.68
738.0,1375.94
739.0,246.49
740.0,1822.04
741.0,3064.4700000000003
742.0,130.53
743.0,295.67
744.0,2772.6400000000003
745.0,346.08
746.0,2104.28
747.0,168.46
748.0,130.4
749.0,1489.2
751.0,268.41
752.0,512.07
753.0,146.56
754.0,204.79
755.0,1412.52
756.0,346.45
757.0,305.28
758.0,205.81
759.0,237.93
760.0,293.44
762.0,116.2
763.0,159.4
764.0,218.39
765.0,339.32
766.0,45.3
767.0,1528.31
768.0,174.71
769.0,130.97
770.0,138.8
771.0,111.28
772.0,500.95
773.0,932.04
774.0,193.15
775.0,280.51
776.0,192.02
777.0,2168.06
778.0,174.71
779.0,826.45
780.0,473.66
781.0,305.07
782.0,1165.7
783.0,1407.74
784.0,107.05
785.0,162.22
786.0,149.51999999999998
787.0,97.32
788.0,3804.05
790.0,1692.6
792.0,635.3399999999999
793.0,57.05
795.0,141.65
796.0,250.61
797.0,515.77
798.0,375.77
799.0,193.47
800.0,365.92
801.0,1596.95
802.0,614.93
803.0,1499.14
804.0,662.82
806.0,91.48
807.0,7835.39
809.0,1341.11
810.0,258.61
812.0,1100.5500000000002
813.0,4332.36
814.0,200.55
815.0,145.15
816.0,11433.85
817.0,211.59
818.0,136.9
819.0,380.65
820.0,267.08
821.0,19504.0
822.0,193.41
823.0,360.34
824.0,189.88
826.0,334.22
827.0,209.63
828.0,2825.8700000000003
829.0,226.98
830.0,4734.9
832.0,83.66
833.0,431.34
834.0,187.81
835.0,247.38
836.0,6740.0
837.0,56.44
838.0,212.65
839.0,424.29
840.0,58.56
841.0,119.07
843.0,900.5000000000001
845.0,1217.71
846.0,3698.04
847.0,183.1
849.0,162.25
850.0,1530.74
851.0,259.14
852.0,4878.1900000000005
853.0,4031.65
854.0,2581.01
855.0,603.6800000000001
856.0,1192.49
857.0,1526.42
858.0,3784.43
859.0,1989.5
860.0,1877.88
861.0,2455.62
862.0,3879.58
863.0,2079.8500000000004
864.0,4739.6
865.0,383.3
866.0,6443.97
867.0,3516.5200000000004
868.0,4234.1
869.0,2746.0
870.0,2118.18
871.0,1217.7
872.0,2650.84
873.0,6264.57
874.0,2064.03
875.0,4898.55
876.0,11379.79
878.0,3843.15
879.0,4720.07
880.0,1940.17
881.0,7051.03
882.0,3133.9
883.0,867.99
884.0,2330.75
886.0,5571.280000000001
887.0,1590.7
888.0,3093.18
890.0,4284.0
891.0,1396.72
892.0,957.51
893.0,2136.2200000000003
894.0,7416.0
895.0,708.8
896.0,547.59
897.0,984.08
898.0,1369.4299999999998
899.0,2161.3
900.0,5256.32
901.0,399.35
902.0,378.79
903.0,5266.33
904.0,461.75
905.0,742.73
906.0,1132.12
907.0,754.05
908.0,4245.54
909.0,2401.4300000000003
910.0,2077.16
911.0,2780.75
912.0,2614.2
913.0,1600.2
914.0,173.48
915.0,318.09000000000003
916.0,559.29
917.0,228.01
918.0,993.3
919.0,960.0
920.0,867.2
922.0,399.57
924.0,168.62
925.0,3446.38
926.0,134.06
927.0,797.4499999999999
929.0,390.1
930.0,43.62
931.0,225.8
932.0,5390.06
933.0,147.68
934.0,1679.31
935.0,214.81
936.0,373.08
937.0,306.15
938.0,866.9
939.0,633.45
940.0,964.64
942.0,428.02
943.0,103.35
944.0,18.52
946.0,101.4
947.0,369.51
948.0,252.51
949.0,309.07
950.0,967.16
952.0,2553.09
953.0,471.47
954.0,2379.6400000000003
955.0,120.54
956.0,925.4
957.0,391.26
958.0,16424.309999999998
959.0,431.43
961.0,494.09
962.0,1096.27
963.0,3790.81
964.0,260.68
965.0,1826.82
966.0,220.26
967.0,1817.16
969.0,9.0
970.0,3156.04
971.0,2563.2
973.0,3988.14
974.0,3366.74
975.0,1931.4
976.0,676.37
977.0,902.96
978.0,1667.85
979.0,572.0
980.0,999.05
981.0,672.36
982.0,701.51
983.0,3114.28
984.0,808.05
985.0,2786.0
986.0,1328.12
987.0,1064.88
988.0,1016.77
989.0,2022.96
991.0,198.66
992.0,2249.23
993.0,681.08
995.0,395.59
996.0,543.28
998.0,1630.06
999.0,17712.69
1000.0,1963.02
1001.0,262.69
1002.0,1667.16
1003.0,605.33
1004.0,3402.45
1005.0,596.14
1007.0,4114.950000000001
1008.0,1584.94
1009.0,509.46
1010.0,1089.44
1012.0,1178.8
1013.0,10353.3
1014.0,194.99
1015.0,1377.39
1016.0,2081.86
1017.0,183.4
1018.0,510.14
1020.0,1036.86
1021.0,315.41
1024.0,690.2199999999999
1025.0,4016.2
1026.0,196.92
1027.0,600.17
1028.0,469.53
1029.0,95.56
1030.0,488.99
1031.0,879.71
1032.0,759.36
1033.0,174.4
1034.0,111.8
1035.0,6886.08
1036.0,83.36
1037.0,334.36
1038.0,348.04999999999995
1039.0,1103.5
1040.0,171.3
1041.0,90.71
1043.0,1175.7
1044.0,277.4
1045.0,142.47
1046.0,62.95
1047.0,392.89
1048.0,418.77
1049.0,125.52
1050.0,166.65
1051.0,91.05
1052.0,270.37
1053.0,522.17
1054.0,387.99
1055.0,243.65
1056.0,95.01
1057.0,526.34
1058.0,56.96
1059.0,167.41
1060.0,243.66000000000005
1061.0,127.96
1062.0,891.67
1063.0,553.78
1064.0,402.45
1065.0,75.95
1066.0,183.57
1068.0,153.99
1070.0,114.84
1072.0,219.7
1073.0,350.85
1074.0,255.4
1075.0,105.17
1077.0,1208.35
1078.0,508.65
1080.0,930.0
1081.0,317.22
1082.0,2803.61
1083.0,3512.58
1085.0,2406.49
1086.0,3491.2200000000003
1087.0,1881.5
1088.0,1565.0
1089.0,15791.4
1092.0,1755.49
1093.0,2323.96
1094.0,1143.24
1095.0,1101.05
1096.0,533.2
1097.0,14173.95
1098.0,5805.64
1099.0,612.3000000000001
1100.0,894.52
1101.0,598.56
1102.0,572.51
1103.0,662.1
1104.0,770.36
1105.0,770.6800000000001
1106.0,1914.04
1107.0,2005.83
1109.0,910.26
1110.0,2643.8
1111.0,5030.62
1112.0,6633.14
1113.0,2696.1
1114.0,1440.33
1115.0,877.29
1116.0,3014.46
1117.0,8001.900000000001
1118.0,1252.09
1119.0,3757.37
1120.0,8379.34
1121.0,3404.13
1124.0,1035.36
1125.0,505.5400000000001
1126.0,4185.38
1127.0,129.55
1128.0,4905.52
1129.0,140.35
1130.0,4032.68
1131.0,156.91
1133.0,430.78
1134.0,3525.18
1135.0,192.9
1136.0,1390.52
1137.0,152.92
1138.0,4401.0
1139.0,45.35
1140.0,129.94
1141.0,111.94
1142.0,812.58
1143.0,508.27
1144.0,941.07
1145.0,138.15
1146.0,1144.29
1147.0,391.8
1150.0,559.44
1151.0,523.4
1152.0,866.28
1153.0,152.09
1154.0,931.06
1155.0,126.06
1156.0,29.74
1157.0,51.43
1158.0,97.17
1159.0,82.38
1160.0,100.49
1161.0,109.02
1162.0,2773.4300000000003
1163.0,1426.9699999999998
1164.0,142.53
1165.0,97.17
1166.0,157.69
1168.0,916.97
1169.0,70.77
1170.0,151.85
1171.0,68.65
1172.0,105.62
1174.0,92.29
1176.0,434.15
1177.0,129.04
1178.0,119.36
1179.0,177.39
1180.0,150.54
1181.0,140.17000000000002
1182.0,5504.0
1183.0,204.9
1184.0,588.3199999999999
1185.0,75.88
1186.0,293.01
1187.0,1322.0
1188.0,411.19000000000005
1189.0,115.36
1190.0,374.42
1191.0,2243.3
1192.0,927.16
1193.0,84.08
1195.0,74.3
1196.0,665.01
1198.0,108.4
1199.0,398.89
1200.0,99.71
1201.0,172.06
1202.0,27.33
1203.0,4696.24
1204.0,564.8100000000001
1205.0,893.5400000000001
1206.0,88.06
1207.0,45.55
1208.0,6508.0
1210.0,1843.97
1211.0,74.9
1213.0,42.510000000000005
1214.0,120.45
1215.0,255.06
1216.0,270.25
1217.0,8046.0
1219.0,368.44
1220.0,93.12
1222.0,322.88
1223.0,24324.75
1227.0,6987.12
1228.0,0.0
1230.0,9731.16
1231.0,3525.5
1232.0,1416.19
1233.0,2037.85
1234.0,21469.81
1235.0,2482.76
1236.0,1822.35
1237.0,2140.12
1238.0,2252.36
1239.0,7701.47
1240.0,8734.300000000001
1241.0,3452.0
1242.0,4785.77
1243.0,8252.64
1244.0,1642.58
1245.0,2773.7200000000003
1246.0,10543.77
1247.0,13375.08
1248.0,10431.52
1249.0,7834.54
1250.0,10115.7
1252.0,2043.8
1253.0,5430.27
1254.0,5092.64
1255.0,13441.61
1256.0,10433.55
1257.0,21647.57
1258.0,10041.17
1259.0,1011.95
1260.0,9100.77
1261.0,12533.9
1262.0,968.26
1263.0,2576.08
1264.0,2515.51
1265.0,18768.56
1267.0,17013.82
1268.0,7918.950000000001
1270.0,11875.5
1271.0,265.17
1272.0,5865.2
1273.0,1676.37
1274.0,8715.4
1275.0,10720.5
1277.0,15537.06
1278.0,4293.15
1279.0,5392.509999999999
1280.0,893.78
1281.0,5059.83
1282.0,573.01
1283.0,2739.98
1284.0,3485.8
1285.0,1604.84
1286.0,11992.64
1287.0,14.91
1288.0,1930.56
1289.0,446.89
1290.0,4415.33
1291.0,15137.8
1292.0,254.23
1293.0,3530.46
1294.0,3054.77
1295.0,4367.69
1296.0,4727.18
1297.0,249.27
1298.0,14079.18
1299.0,2692.29
1300.0,1716.07
1301.0,914.64
1302.0,5352.82
1303.0,3011.08
1304.0,8610.15
1305.0,2754.82
1306.0,2648.58
1307.0,1070.56
1308.0,14464.48
1309.0,586.92
1310.0,2346.69
1311.0,7638.92
1312.0,1002.02
1313.0,4187.93
1314.0,1784.59
1315.0,8373.84
1316.0,2675.41
1317.0,1957.39
1318.0,241.32
1319.0,1850.14
1320.0,10703.63
1322.0,1352.32
1323.0,599.36
1324.0,2194.63
1326.0,453.78
1327.0,1224.82
1328.0,649.55
1329.0,776.05
1330.0,867.4100000000001
1331.0,1400.5
1332.0,1106.35
1333.0,1158.56
1334.0,134.53
1340.0,1260.96
1342.0,341.34000000000003
1343.0,46.190000000000005
1347.0,3485.7
1348.0,717.8199999999999
1349.0,899.53
1350.0,58.23
1351.0,1276.02
1352.0,2099.25
1353.0,71.28
1355.0,164.65
1357.0,1047.12
1358.0,228.9
1359.0,103.41
1360.0,1519.98
1361.0,375.48
1362.0,1686.63
1363.0,481.89
1364.0,665.6099999999999
1365.0,467.84
1366.0,543.14
1367.0,1074.23
1369.0,504.99
1370.0,1571.18
1371.0,141.56
1372.0,1113.38
1374.0,759.99
1375.0,526.07
1376.0,213.84
1377.0,1093.3
1379.0,1508.93
1380.0,345.36
1384.0,374.47
1385.0,276.08
1388.0,811.1800000000001
1389.0,1136.47
1390.0,829.26
1392.0,521.05
1393.0,657.59
1394.0,1438.65
1395.0,1115.38
1396.0,190.75
1398.0,890.5
1399.0,98.39
1400.0,183.72
1405.0,15.06
1406.0,975.53
1407.0,541.4
1409.0,690.79
1410.0,274.71
1412.0,542.41
1413.0,518.34
1414.0,1806.68
1415.0,725.8800000000001
1416.0,122.32
1418.0,143.37
1419.0,246.64
1420.0,363.94
1421.0,220.57
1422.0,323.84000000000003
1423.0,150.39
1424.0,749.94
1425.0,1773.6
1426.0,392.02
1427.0,130.34
1429.0,278.72
1430.0,864.24
1431.0,401.04
1438.0,0.0
1439.0,712.85
1440.0,714.85
1441.0,1293.36
1442.0,1923.99
1443.0,491.28
1444.0,362.94
1445.0,684.77
1446.0,1354.51
1448.0,330.86
1449.0,734.8899999999999
1450.0,455.18
1451.0,213.56
1452.0,451.17
1453.0,471.22
1454.0,0.0
1456.0,650.69
1458.0,555.4399999999999
1460.0,43.11
1461.0,211.55
1462.0,3489.04
1463.0,45.12
1466.0,201.52
1468.0,598.56
1469.0,31.08
1470.0,400.04
1471.0,153.4
1472.0,1227.18
1473.0,447.16
1474.0,757.97
1475.0,1755.55
1477.0,1032.68
1480.0,0.0
1481.0,609.5799999999999
1482.0,379.99
1483.0,201.52
1486.0,262.99
1488.0,338.42
1489.0,231.24
1490.0,163.75
1491.0,574.63
1492.0,317.59000000000003
1493.0,54.59
1494.0,156.81
1495.0,26.79
1496.0,251.09
1497.0,209.41
1498.0,217.35
1499.0,963.67
1500.0,381.1
1502.0,443.62
1503.0,624.25
1504.0,464.47
1505.0,456.52
1506.0,845.57
1507.0,402.94
1508.0,263.99
1509.0,214.37
1510.0,328.5
1513.0,337.43
1514.0,693.72
1515.0,555.77
1516.0,186.58
1517.0,323.54
1518.0,388.05
1519.0,953.74
1521.0,21.83
1522.0,434.69
1524.0,172.68
1526.0,41.68
1527.0,1633.57
1528.0,141.92000000000002
1531.0,277.28
1532.0,1956.81
1533.0,191.44
1534.0,158.87
1535.0,272.35
1536.0,138.15
1537.0,4227.44
1538.0,318.74
1539.0,290.12
1540.0,803.25
1541.0,110.52
1542.0,127.29
1543.0,129.27
1544.0,359.2
1546.0,1038.11
1548.0,2019.0
1549.0,418.4
1550.0,921.66
1552.0,58.22
1553.0,523.0
1554.0,158.87
1555.0,321.7
1556.0,78.94
1557.0,427.28
1558.0,755.89
1559.0,6617.45
1560.0,441.1
1561.0,1039.09
1562.0,2123.59
1563.0,224.99
1564.0,148.02
1565.0,497.34
1566.0,107.56
1567.0,244.73
1568.0,1244.34
1569.0,444.06
1570.0,401.62
1571.0,315.78
1572.0,244.73
1573.0,368.08
1574.0,492.41
1575.0,106.57
1576.0,603.92
1577.0,533.85
1578.0,629.5699999999999
1579.0,35.52
1580.0,95.72
1581.0,93.75
1582.0,410.51
1583.0,826.93
1584.0,574.3199999999999
1585.0,162.82
1586.0,460.83
1587.0,923.65
1588.0,1162.45
1589.0,420.37
1590.0,326.63
1591.0,482.55
1592.0,981.86
1593.0,376.96
1594.0,1564.06
1595.0,1272.97
1596.0,618.72
1597.0,877.26
1598.0,79.93
1599.0,747.01
1600.0,961.14
1601.0,253.61
1602.0,441.09
1603.0,28.62
1604.0,456.89
1605.0,389.78
1607.0,569.39
1608.0,612.8
1609.0,838.77
1610.0,15.79
1611.0,162.82
1612.0,383.86
1613.0,535.8299999999999
1614.0,354.26
1615.0,263.47
1616.0,218.08
1617.0,342.42
1619.0,587.14
1620.0,182.56
1622.0,307.89
1623.0,287.16
1624.0,577.28
1625.0,1521.64
1626.0,154.93
1627.0,395.7
1629.0,881.21
1630.0,1060.81
1631.0,308.86
1632.0,389.79
1633.0,730.23
1634.0,559.51
1635.0,470.7000000000001
1636.0,480.57
1637.0,1217.7
1638.0,669.05
1639.0,458.86
1640.0,320.7
1642.0,722.34
1643.0,175.64999999999998
1645.0,1040.08
1647.0,589.12
1648.0,298.01
1649.0,169.73
1650.0,912.79
1651.0,529.92
1653.0,417.41
1656.0,294.06
1657.0,327.62
1658.0,336.5
1659.0,534.8399999999999
1660.0,147.03
1661.0,777.6
1662.0,646.3499999999999
1663.0,244.73
1664.0,1153.56
1665.0,645.37
1667.0,251.63
1668.0,200.32
1670.0,778.5799999999999
1672.0,448.0
1674.0,121.37
1675.0,166.77
1676.0,235.84
1677.0,743.05
1678.0,722.34
1679.0,331.56
1680.0,331.56
1681.0,233.87
1682.0,883.1800000000001
1683.0,753.91
1685.0,118.42
1687.0,681.88
1688.0,396.69
1689.0,682.86
1690.0,1319.35
1693.0,41.45
1694.0,117.44
1695.0,576.29
1696.0,374.0
1698.0,315.77
1699.0,125.32
1700.0,101.64
1701.0,220.06
1702.0,185.52
1703.0,416.43
1704.0,179.6
1705.0,343.41
1706.0,218.08
1708.0,211.17
1710.0,188.48
1711.0,326.63
1712.0,691.75
1713.0,307.88
1714.0,562.78
1715.0,1420.74
1716.0,355.44000000000005
1717.0,805.87
1718.0,1149.05
1719.0,626.1
1720.0,988.7
1721.0,709.85
1722.0,893.71
1723.0,1288.98
1724.0,1255.28
1725.0,830.38
1726.0,2897.65
1727.0,511.71
1728.0,561.76
1729.0,335.01
1730.0,646.53
1731.0,340.12
1733.0,2349.17
1734.0,424.89
1735.0,493.33
1736.0,2419.64
1737.0,1144.97
1738.0,573.0
1739.0,193.04
1740.0,1051.0
1741.0,231.85
1742.0,785.44
1744.0,6.12
1746.0,511.71
1747.0,1347.21
1748.0,1439.13
1749.0,1411.5500000000002
1750.0,1177.66
1752.0,108.27
1753.0,1111.26
1755.0,236.96
1758.0,151.16
1759.0,310.5
1760.0,796.6700000000001
1761.0,86.82
1762.0,12.26
1764.0,179.76
1765.0,178.74
1766.0,231.85
1767.0,420.8
1768.0,300.29
1770.0,147.07999999999998
1771.0,430.0
1772.0,215.51
1773.0,556.6600000000001
1774.0,73.54
1776.0,626.0999999999999
1778.0,582.19
1779.0,162.4
1780.0,332.97
1781.0,222.66000000000005
1783.0,529.0699999999999
1785.0,118.48
1786.0,140.95
1787.0,281.91
1789.0,502.52
1790.0,361.57
1791.0,103.16
1792.0,83.75
1795.0,108.27
1796.0,385.06000000000006
1797.0,211.43
1798.0,209.38
1799.0,489.24
1800.0,339.1
1801.0,230.83
1802.0,397.3200000000001
1803.0,1018.32
1804.0,243.09
1805.0,554.61
1806.0,322.76
1807.0,249.22
1808.0,493.33
1810.0,245.13
1811.0,757.86
1812.0,240.03
1813.0,591.38
1814.0,663.89
1815.0,2339.98
1817.0,341.13
1818.0,538.27
1819.0,920.26
1820.0,396.3
1821.0,585.25
1822.0,283.95
1823.0,726.1899999999999
1824.0,865.11
1825.0,364.63
1826.0,720.0699999999999
1827.0,298.24
1828.0,60.26
1829.0,717.01
1830.0,734.37
1831.0,567.89
1832.0,237.98
1833.0,926.39
1835.0,587.29
1837.0,200.19
1838.0,707.8100000000001
1839.0,630.1899999999999
1840.0,85.79
1841.0,235.94
1842.0,273.73
1843.0,559.71
1844.0,2692.36
1845.0,679.22
1846.0,608.74
1847.0,873.28
1848.0,149.12
1849.0,33.71
1850.0,820.1600000000001
1851.0,33.7
1852.0,742.54
1855.0,463.33
1856.0,355.32
1859.0,216.02
1860.0,181.7
1861.0,820.6800000000001
1863.0,209.96
1866.0,9.08
1867.0,95.89
1868.0,454.25
1870.0,18.17
1871.0,442.14
1872.0,185.74
1873.0,40.37
1874.0,728.8100000000001
1875.0,399.74
1876.0,826.74
1877.0,279.62
1878.0,49.46
1879.0,184.73
1880.0,253.37
1881.0,172.62
1882.0,151.42000000000002
1883.0,391.66
1885.0,828.75
1886.0,224.1
1887.0,137.28
1888.0,156.46
1889.0,271.54
1890.0,169.58
1891.0,1168.94
1892.0,147.38
1893.0,8.08
1894.0,368.45
1895.0,476.45
1896.0,219.05
1897.0,361.38
1898.0,221.07
1899.0,344.22
1900.0,592.54
1901.0,135.27
1902.0,62.58
1903.0,358.35
1904.0,223.08
1905.0,182.71
1906.0,83.78
1907.0,252.35
1908.0,333.12
1909.0,354.31
1910.0,59.56
1911.0,74.7
1912.0,175.64999999999998
1914.0,366.43
1917.0,116.09
1918.0,15.14
1919.0,78.72999999999999
1920.0,46.43
1921.0,207.95
1922.0,735.88
1923.0,248.33
1927.0,222.08
1929.0,194.82
1931.0,1149.75
1932.0,1006.42
1934.0,484.53
1937.0,998.34
1939.0,170.42
1940.0,313.28
1941.0,44.9
1942.0,904.13
1943.0,509.21
1944.0,812.29
1945.0,942.91
1946.0,611.26
1948.0,734.74
1950.0,1550.08
1951.0,1341.92
1952.0,666.36
1953.0,132.66
1954.0,124.5
1955.0,561.26
1956.0,1030.67
1957.0,1138.84
1958.0,952.1
1959.0,995.98
1960.0,2.04
1961.0,1538.87
1962.0,506.15
1963.0,0.0
1964.0,716.37
1965.0,489.83
1966.0,408.19
1967.0,2690.97
1968.0,1824.59
1969.0,899.03
1970.0,402.06
1971.0,507.17
1972.0,211.24
1973.0,70.41
1974.0,793.9200000000001
1975.0,1060.27
1976.0,1182.72
1977.0,55.11
1978.0,170.41
1979.0,754.13
1980.0,832.7
1981.0,417.37
1984.0,306.77
1985.0,1020.91
1987.0,601.5799999999999
1988.0,412.35
1990.0,316.73
1991.0,364.54
1992.0,842.62
1994.0,10.96
1995.0,1331.67
1996.0,2782.85
1997.0,60.75
1998.0,857.5699999999999
1999.0,1356.5700000000002
2000.0,1497.0
2001.0,1449.19
2002.0,36.85
2003.0,1484.05
2004.0,220.11
2005.0,1998.98
2006.0,94.62
2007.0,781.86
2008.0,841.63
2010.0,809.7600000000001
2011.0,335.65000000000003
2012.0,2843.6000000000004
2013.0,1484.05
2014.0,130.48000000000002
2015.0,925.29
2017.0,2206.15
2019.0,351.59000000000003
2022.0,524.52
2023.0,305.38
2024.0,417.99
2025.0,912.08
2026.0,520.46
2027.0,212.04
2028.0,1127.16
2029.0,213.06
2030.0,738.5899999999999
2031.0,795.41
2032.0,729.46
2033.0,738.5899999999999
2034.0,1030.78
2035.0,367.27
2036.0,895.8499999999999
2037.0,48.7
2038.0,412.92
2039.0,172.47
2040.0,333.78
2041.0,791.35
2042.0,94.36
2043.0,637.13
2044.0,664.53
2045.0,183.63
2046.0,466.69
2047.0,592.49
2048.0,82.18
2049.0,1108.89
2050.0,514.37
2051.0,514.38
2052.0,803.52
2053.0,498.15
2054.0,431.18
2055.0,382.48
2056.0,303.35
2057.0,999.33
2058.0,528.58
2059.0,257.70000000000005
2060.0,1640.52
2061.0,1054.11
2062.0,647.28
2064.0,1421.38
2065.0,257.7
2066.0,2702.76
2067.0,798.45
2068.0,404.8
2069.0,451.47
2071.0,967.88
2074.0,1047.02
2075.0,404.8
2076.0,608.72
2077.0,725.4
2078.0,248.56
2079.0,467.71
2080.0,416.97
2081.0,784.24
2082.0,1148.46
2083.0,1646.61
2084.0,592.49
2085.0,1175.86
2087.0,943.53
2088.0,1292.53
2089.0,631.04
2090.0,58.84
2091.0,866.4200000000001
2092.0,201.89
2093.0,574.23
2094.0,494.08
2095.0,620.9
2096.0,221.17
2097.0,277.99
2098.0,730.47
2099.0,654.38
2100.0,676.7
2102.0,2755.51
2103.0,664.52
2105.0,169.43
2106.0,1597.91
2108.0,350.01000000000005
2111.0,962.6
2112.0,615.62
2113.0,487.4
2114.0,326.63
2115.0,1401.17
2117.0,720.4200000000001
2118.0,1024.67
2119.0,1268.87
2120.0,765.19
2122.0,1326.88
2123.0,309.33
2124.0,1166.1
2125.0,332.74
2126.0,255.4
2127.0,476.21
2128.0,1250.56
2129.0,1185.44
2130.0,953.44
2131.0,508.77
2132.0,759.09
2134.0,1126.41
2136.0,1948.59
2137.0,75.3
2138.0,3151.34
2139.0,912.74
2140.0,108.88
2141.0,2531.65
2143.0,2512.32
2144.0,3293.79
2145.0,1140.66
2146.0,192.31
2147.0,211.65
2152.0,1243.44
2153.0,2159.23
2155.0,305.26
2156.0,227.93
2157.0,2869.48
2158.0,123.12
2159.0,51.89
2160.0,685.83
2161.0,676.67
2162.0,106.84
2163.0,303.23
2165.0,561.6899999999999
2166.0,914.76
2167.0,667.51
2168.0,1139.65
2169.0,38.67
2170.0,378.52
2171.0,469.09
2172.0,160.77
2173.0,663.4399999999999
2174.0,536.24
2175.0,525.05
2176.0,949.37
2177.0,675.65
2178.0,282.87
2180.0,145.51999999999998
2181.0,249.29
2183.0,244.21
2184.0,181.12
2185.0,45.78
2186.0,33.26
2187.0,588.55
2188.0,192.49
2189.0,283.19
2190.0,370.87
2191.0,175.36
2192.0,165.28
2193.0,791.12
2195.0,318.47
2196.0,558.32
2197.0,204.58
2198.0,505.91
2200.0,214.66
2201.0,399.09
2202.0,237.84
2203.0,682.28
2204.0,665.15
2206.0,82.64
2207.0,398.08
2208.0,111.86
2210.0,305.36
2211.0,556.29
2212.0,505.91
2213.0,221.72000000000003
2214.0,279.16
2215.0,25.19
2216.0,189.47
2217.0,230.78
2218.0,651.04
2219.0,304.35
2221.0,486.76
2222.0,365.83
2223.0,241.87
2225.0,335.59
2226.0,196.52
2227.0,305.36
2228.0,179.39
2229.0,355.76
2230.0,1002.76
2231.0,349.70000000000005
2233.0,438.39
2234.0,403.12
2235.0,1121.67
2236.0,823.37
2237.0,293.27
2238.0,97.76
2239.0,81.63
2240.0,248.93
2241.0,149.16
2243.0,324.51
2244.0,402.11
2246.0,30.23
2247.0,378.93
2249.0,423.28
2250.0,1435.1
2251.0,171.32
2255.0,663.13
2257.0,174.34
2259.0,942.29
2263.0,26.2
2264.0,188.45
2265.0,158.22
2266.0,779.02
2267.0,160.24
2272.0,893.91
2273.0,915.08
2275.0,128.99
2276.0,3.02
2279.0,349.70000000000005
2280.0,355.75
2281.0,244.89
2282.0,95.74
2283.0,1395.79
2284.0,265.05
2286.0,452.5
2287.0,670.1800000000001
2288.0,173.34
2289.0,170.31
2290.0,153.18
2291.0,752.82
2293.0,483.74
2294.0,805.23
2295.0,1200.28
2296.0,699.4
2297.0,513.97
2298.0,878.79
2302.0,354.74
2303.0,55.43
2304.0,133.03
2305.0,428.31
2306.0,447.46
2307.0,249.93
2308.0,347.69
2309.0,194.5
2310.0,992.67
2311.0,38.3
2312.0,145.13
2313.0,439.4
2315.0,190.48
2316.0,288.23
2318.0,60.47
2320.0,368.85
2321.0,122.95
2323.0,53.41
2324.0,296.3
2325.0,444.43
2326.0,136.06
2327.0,160.24
2328.0,651.04
2329.0,260.01
2330.0,695.38
2332.0,756.86
2333.0,134.03
2334.0,103.8
2335.0,327.53
2338.0,333.58
2339.0,499.86
2340.0,617.77
2341.0,355.75
2342.0,144.11
2343.0,1196.25
2345.0,499.86
2346.0,318.46
2347.0,246.91000000000005
2348.0,351.72
2349.0,326.53
2350.0,1081.36
2351.0,218.69
2352.0,719.5699999999999
2353.0,1179.12
2354.0,519.01
2355.0,1549.98
2356.0,529.04
2357.0,397.31
2358.0,797.81
2359.0,916.79
2360.0,439.8
2361.0,239.02
2362.0,381.37
2363.0,133.86
2364.0,764.87
2365.0,358.0
2366.0,46.74
2367.0,371.82
2369.0,522.67
2371.0,1127.13
2372.0,29.75
2373.0,553.48
2374.0,462.11
2375.0,324.01
2376.0,565.16
2377.0,468.48
2378.0,436.62
2379.0,497.17
2380.0,309.13
2381.0,383.48
2382.0,868.98
2383.0,608.72
2384.0,350.57
2387.0,1163.25
2388.0,1077.2
2389.0,139.16
2390.0,1113.32
2391.0,353.75
2392.0,317.64
2393.0,125.36
2394.0,127.48
2395.0,576.84
2396.0,281.52
2397.0,1146.25
2398.0,1616.86
2399.0,675.64
2400.0,691.5799999999999
2401.0,363.32
2402.0,838.18
2403.0,462.12
2404.0,1298.16
2405.0,137.04
2406.0,541.78
2407.0,120.04
2408.0,373.94
2409.0,747.88
2411.0,328.26
2412.0,411.12
2413.0,1623.23
2414.0,411.12
2415.0,926.35
2417.0,605.53
2418.0,455.74
2419.0,284.7
2420.0,488.67
2421.0,3.19
2423.0,776.56
2424.0,718.13
2425.0,759.56
2426.0,915.73
2427.0,1439.45
2428.0,359.06
2429.0,380.31
2430.0,549.23
2433.0,465.3
2435.0,3.19
2437.0,417.49
2438.0,35.06
2439.0,705.39
2440.0,296.39
2441.0,302.76
2443.0,301.15
2444.0,207.94
2445.0,576.7
2447.0,564.41
2448.0,3.07
2449.0,840.98
2450.0,3074.02
2451.0,1044.82
2452.0,1585.66
2453.0,1748.54
2454.0,297.06
2455.0,697.57
2456.0,218.18
2457.0,1601.04
2458.0,333.93
2459.0,4740.62
2460.0,479.39
2461.0,181.31
2462.0,1536.5
2463.0,53.27
2464.0,695.53
2467.0,1339.83
2468.0,417.93
2469.0,181.3
2470.0,364.66
2471.0,109.61
2472.0,100.23
2473.0,135.3
2475.0,238.54
2476.0,377.85
2477.0,462.04
2478.0,914.07
2479.0,691.5600000000001
2480.0,54.12
2481.0,353.8
2482.0,1377.12
2483.0,501.13
2484.0,362.82
2485.0,295.67
2486.0,2591.88
2487.0,1746.96
2488.0,595.35
2489.0,185.42
2490.0,1012.3
2491.0,1314.98
2492.0,230.53
2493.0,962.18
2494.0,1166.64
2495.0,474.08
2496.0,149.33
2498.0,641.46
2499.0,35.08
2501.0,399.91
2502.0,166.38000000000002
2503.0,220.5
2504.0,1255.85
2505.0,678.54
2506.0,922.1
2509.0,658.5
2510.0,637.4399999999999
2511.0,919.08
2512.0,3290.46
2514.0,595.35
2515.0,566.28
2516.0,923.09
2517.0,353.8
2518.0,731.65
2520.0,774.76
2521.0,737.67
2522.0,648.47
2523.0,128.29
2524.0,25.06
2526.0,1137.58
2527.0,3455.84
2529.0,1580.58
2530.0,555.26
2532.0,535.22
2533.0,360.82
2534.0,52.120000000000005
2536.0,360.82
2537.0,1226.78
2538.0,903.05
2539.0,65.15
2540.0,111.25
2541.0,117.26
2542.0,284.65
2543.0,248.56
2545.0,1278.9
2548.0,1334.03
2549.0,1174.66
2551.0,867.97
2552.0,138.31
2554.0,158.36
2555.0,71.16
2556.0,628.01
2557.0,1243.01
2558.0,495.68
2559.0,346.0
2560.0,194.15
2561.0,296.11
2562.0,2410.08
2563.0,662.73
2564.0,101.96
2565.0,2110.73
2566.0,522.8
2567.0,849.28
2568.0,2160.62
2569.0,1202.87
2570.0,1600.94
2571.0,962.08
2572.0,459.89
2574.0,808.0699999999999
2575.0,546.5
2576.0,1230.67
2577.0,815.65
2578.0,647.18
2579.0,532.13
2580.0,29.79
2581.0,465.36
2583.0,1361.13
2584.0,929.68
2585.0,81.14999999999999
2586.0,779.7
2587.0,346.19
2588.0,287.63
2589.0,535.21
2590.0,446.86
2591.0,718.06
2592.0,727.31
2593.0,217.77
2594.0,312.29
2595.0,698.54
2597.0,435.56000000000006
2599.0,586.5699999999999
2600.0,897.83
2601.0,870.1
2602.0,893.73
2603.0,905.02
2604.0,576.3
2605.0,1009.8
2606.0,384.2
2608.0,295.85
2609.0,850.5799999999999
2610.0,156.14
2611.0,104.78
2613.0,74.99
2614.0,117.1
2615.0,592.73
2616.0,264.01
2617.0,149.98000000000002
2618.0,1011.86
2619.0,554.72
2620.0,374.95
2621.0,156.14
2622.0,1392.97
2624.0,1131.01
2625.0,696.49
2626.0,14.38
2627.0,308.18
2628.0,122.25
2629.0,118.13
2630.0,557.81
2631.0,571.15
2632.0,201.34
2633.0,862.9
2634.0,389.33
2635.0,3618.04
2636.0,502.33
2637.0,666.69
2638.0,540.3399999999999
2639.0,18.49
2641.0,445.83
2642.0,615.33
2643.0,1077.6
2644.0,663.6099999999999
2645.0,114.03
2646.0,608.14
2647.0,85.26
2648.0,1201.9
2649.0,243.46
2650.0,256.82
2652.0,1486.46
2653.0,31.08
2654.0,70.45
2655.0,200.99
2656.0,167.82999999999998
2657.0,47.66
2658.0,274.54
2660.0,165.76000000000002
2661.0,1048.41
2662.0,860.9
2663.0,137.79
2665.0,1208.99
2666.0,786.31
2667.0,896.13
2668.0,616.4100000000001
2669.0,1048.41
2670.0,556.3199999999999
2671.0,532.49
2672.0,192.69
2673.0,1319.83
2674.0,95.31
2676.0,1049.44
2677.0,1510.46
2678.0,396.78
2679.0,167.83
2680.0,1314.66
2681.0,647.49
2682.0,619.51
2683.0,1444.15
2684.0,85.99
2685.0,1294.98
2686.0,2079.21
2687.0,441.3200000000001
2688.0,50.77
2689.0,203.05
2690.0,1488.69
2692.0,2469.78
2694.0,79.77
2695.0,225.85
2696.0,30.04
2697.0,279.87
2698.0,308.16
2699.0,463.75
2700.0,1399.34
2702.0,558.73
2703.0,1809.54
2704.0,1374.08
2705.0,1907.55
2706.0,681.99
2707.0,337.46000000000004
2708.0,247.53
2709.0,369.79
2710.0,661.7800000000001
2711.0,47.48
2713.0,476.89
2714.0,535.49
2715.0,844.66
2716.0,771.91
2717.0,9.09
2718.0,418.29
2719.0,498.1
2720.0,352.62
2721.0,350.59
2722.0,721.39
2723.0,350.6
2724.0,2410.7
2725.0,291.99
2726.0,909.31
2727.0,235.41
2728.0,490.02
2729.0,521.34
2730.0,605.19
2731.0,672.89
2732.0,242.48
2733.0,363.72
2734.0,287.95
2735.0,482.95
2736.0,1825.7
2737.0,1006.31
2738.0,1369.03
2739.0,432.43
2740.0,759.79
2741.0,271.78
2742.0,365.74
2743.0,399.09
2745.0,654.6999999999999
2746.0,411.21
2747.0,167.72
2749.0,421.32
2750.0,64.66
2751.0,1916.64
2752.0,846.67
2754.0,422.33
2755.0,46.48
2756.0,806.27
2757.0,880.02
2758.0,700.1700000000001
2759.0,741.59
2760.0,231.37
2761.0,1236.67
2762.0,382.92
2763.0,149.53
2764.0,1176.04
2765.0,291.18
2766.0,639.59
2767.0,199.81
2768.0,377.52
2769.0,517.09
2770.0,1935.82
2771.0,1586.42
2772.0,424.72
2773.0,1255.07
2774.0,43.18
2775.0,368.49
2776.0,424.72
2778.0,1079.36
2781.0,31.12
2782.0,482.96
2783.0,540.19
2784.0,337.36
2785.0,423.71
2786.0,492.99
2789.0,748.03
2790.0,828.3399999999999
2791.0,95.39
2792.0,46.19
2793.0,319.29
2794.0,332.34000000000003
2795.0,555.24
2796.0,115.47
2797.0,262.06
2798.0,687.79
2799.0,527.13
2800.0,717.89
2801.0,675.73
2802.0,143.58
2803.0,289.16
2804.0,169.69
2806.0,108.44
2807.0,876.55
2809.0,2882.65
2811.0,30.12
2812.0,656.66
2813.0,945.83
2814.0,313.27
2815.0,569.3
2816.0,254.02
2817.0,28.12
2818.0,979.96
2819.0,701.84
2821.0,29.12
2822.0,369.5
2823.0,486.97
2825.0,402.62
2826.0,729.96
2827.0,303.23
2828.0,306.24
2829.0,343.39
2830.0,490.98
2831.0,519.1
2832.0,337.37
2833.0,482.9500000000001
2834.0,337.36
2835.0,171.69
2836.0,370.5
2837.0,530.14
2838.0,340.38
2839.0,576.3299999999999
2840.0,563.28
2841.0,286.16
2842.0,515.08
2843.0,1448.86
2844.0,237.96
2845.0,482.95
2846.0,413.67
2847.0,241.98
2848.0,654.64
2849.0,400.62
2850.0,692.8
2851.0,631.55
2852.0,176.71
2855.0,459.86
2856.0,99.4
2857.0,466.89
2859.0,497.01
2860.0,358.45
2861.0,376.52
2862.0,268.08
2863.0,150.60000000000002
2864.0,494.0
2865.0,424.72
2866.0,109.44
2867.0,72.28999999999999
2868.0,328.33
2869.0,774.13
2870.0,533.16
2871.0,977.96
2872.0,323.31
2873.0,370.5
2874.0,453.84
2876.0,48.19
2877.0,39.16
2878.0,346.4
2879.0,100.41
2880.0,64.26
2881.0,360.46
2882.0,739.99
2883.0,821.3199999999999
2884.0,796.22
2885.0,57.23
2886.0,1265.11
2887.0,1536.21
2888.0,167.67999999999998
2890.0,343.39
2891.0,691.8
2892.0,1421.75
2893.0,785.18
2894.0,1102.46
2895.0,636.57
2896.0,532.15
2897.0,198.8
2899.0,287.16
2900.0,477.93
2901.0,495.0
2902.0,528.14
2903.0,163.53
2904.0,161.49
2906.0,18.4
2907.0,259.6
2908.0,1405.32
2909.0,1033.29
2910.0,656.15
2912.0,53.15
2915.0,526.36
2916.0,1050.66
2918.0,290.26
2919.0,1431.89
2920.0,115.49
2921.0,409.84
2922.0,1163.09
2923.0,144.11
2924.0,287.19
2925.0,2308.81
2926.0,154.32999999999998
2927.0,793.11
2928.0,526.3499999999999
2929.0,283.1
2930.0,578.48
2931.0,131.84
2932.0,253.48
2933.0,478.3200000000001
2934.0,706.23
2935.0,204.41
2936.0,87.9
2937.0,363.85
2938.0,402.69
2939.0,451.75
2940.0,211.56
2942.0,577.46
2944.0,957.66
2945.0,392.47
2947.0,2974.16
2948.0,422.11
2949.0,847.28
2950.0,368.9500000000001
2951.0,617.3199999999999
2952.0,43.95
2953.0,523.29
2955.0,892.25
2956.0,584.61
2957.0,305.59000000000003
2958.0,373.04
2960.0,242.22000000000003
2961.0,234.05
2962.0,27.6
2963.0,62.34
2965.0,760.4
2966.0,1081.33
2968.0,1877.49
2969.0,1118.12
2971.0,74.60000000000001
2972.0,571.32
2973.0,131.84
2974.0,2084.98
2975.0,347.5
2976.0,631.62
2977.0,935.17
2978.0,649.0
2979.0,642.87
2980.0,1344.0
2981.0,303.55
2982.0,636.74
2983.0,848.3000000000001
2984.0,174.77
2985.0,909.62
2986.0,1260.19
2987.0,1291.87
2988.0,2209.67
2989.0,1774.28
2990.0,744.05
2991.0,949.48
2992.0,295.37
2993.0,250.89
2994.0,219.28
2995.0,389.17
2996.0,133.35000000000002
2998.0,247.92
2999.0,84.95
3000.0,254.84
3001.0,316.07
3002.0,1507.29
3003.0,309.16
3004.0,397.07
3005.0,34.58
3006.0,892.92
3007.0,95.81
3008.0,575.85
3009.0,845.5
3010.0,315.09
3011.0,1442.09
3012.0,647.96
3013.0,597.58
3014.0,1330.48
3015.0,1061.8200000000002
3016.0,803.03
3017.0,1025.27
3018.0,356.57
3019.0,218.29
3020.0,718.0799999999999
3021.0,502.76
3022.0,977.86
3023.0,462.26
3024.0,620.3
3025.0,221.25
3026.0,267.68
3028.0,603.51
3029.0,633.14
3030.0,478.06
3031.0,320.03
3032.0,547.21
3033.0,87.91
3034.0,224.21
3035.0,1663.35
3036.0,475.1
3037.0,675.62
3039.0,374.35
3040.0,611.41
3042.0,406.14
3044.0,187.6
3046.0,202.57
3047.0,660.61
3049.0,476.99
3050.0,774.37
3051.0,356.25
3052.0,741.4300000000001
3053.0,790.33
3054.0,62.87
3056.0,295.37
3057.0,1475.89
3058.0,239.5
3059.0,26.94
3060.0,562.81
3061.0,496.96
3062.0,665.6
3063.0,1023.84
3064.0,150.68
3065.0,67.86
3066.0,299.37
3067.0,384.19
3068.0,446.06
3069.0,450.05
3070.0,283.4
3071.0,340.28
3072.0,83.82
3073.0,443.07
3074.0,414.13
3075.0,150.68
3076.0,44.91
3077.0,958.97
3078.0,412.13
3079.0,559.8199999999999
3080.0,95.8
3081.0,317.33
3083.0,319.33
3084.0,258.46
3085.0,1101.68
3086.0,287.4
3087.0,337.29
3088.0,267.44
3089.0,379.2000000000001
3090.0,128.73
3091.0,386.19
3092.0,344.27
3094.0,408.14
3095.0,437.08
3096.0,1354.15
3097.0,74.84
3098.0,995.9
3100.0,292.39
3101.0,450.05
3102.0,901.1
3103.0,308.35
3104.0,594.75
3105.0,365.23
3106.0,489.97
3107.0,183.62
3110.0,600.73
3111.0,541.8599999999999
3112.0,490.97
3114.0,1416.01
3115.0,1346.16
3116.0,152.68
3117.0,966.97
3118.0,565.81
3120.0,79.84
3121.0,515.91
3122.0,185.61
3123.0,250.47000000000003
3124.0,71.85
3125.0,260.45
3127.0,287.39
3129.0,588.76
3131.0,545.85
3132.0,812.29
3133.0,558.82
3135.0,311.35
3137.0,841.23
3138.0,515.91
3139.0,131.72
3140.0,416.12
3141.0,198.58
3142.0,416.12
3143.0,568.8
3144.0,91.81
3145.0,905.1
3146.0,644.65
3147.0,463.02
3148.0,207.56
3150.0,120.75
3151.0,84.82
3152.0,758.4000000000001
3153.0,647.63
3154.0,297.37
3155.0,332.29999999999995
3156.0,836.24
3157.0,195.59
3158.0,114.76
3159.0,253.46
3160.0,215.54
3161.0,246.48
3162.0,693.54
3165.0,829.25
3166.0,287.40000000000003
3167.0,782.35
3168.0,257.46
3169.0,225.53
3170.0,1008.86
3171.0,40.91
3172.0,569.8
3173.0,435.08
3174.0,848.21
3175.0,311.34
3177.0,148.69
3178.0,170.64
3179.0,813.28
3180.0,320.33
3181.0,594.75
3182.0,295.38
3183.0,532.88
3184.0,142.26
3185.0,144.26999999999998
3186.0,796.03
3188.0,528.67
3189.0,41.37
3190.0,255.25
3191.0,1166.3
3192.0,113.0
3193.0,256.26
3194.0,128.14
3195.0,576.0799999999999
3196.0,724.4
3197.0,591.22
3198.0,475.2000000000001
3199.0,55.49
3200.0,915.08
3201.0,634.61
3202.0,376.32
3203.0,1190.52
3204.0,435.84
3205.0,566.0
3206.0,688.0699999999999
3207.0,225.99
3208.0,202.79
3210.0,211.87
3212.0,143.26000000000002
3216.0,1815.02
3217.0,1927.01
3218.0,302.66
3219.0,624.52
3220.0,1074.48
3222.0,84.75
3223.0,130.15
3224.0,1673.77
3225.0,817.21
3226.0,271.39
3227.0,173.54000000000002
3228.0,108.96
3229.0,931.22
3230.0,91.81
3231.0,1177.39
3232.0,633.59
3233.0,1159.24
3234.0,1015.97
3235.0,731.46
3236.0,338.99
3237.0,208.84
3238.0,47.42
3239.0,824.27
3240.0,228.01
3241.0,1371.1
3242.0,546.8299999999999
3243.0,729.4300000000001
3244.0,784.9300000000001
3245.0,120.06
3246.0,255.26
3247.0,345.04
3248.0,106.94
3249.0,574.06
3250.0,1069.44
3251.0,903.98
3252.0,58.510000000000005
3253.0,521.6
3255.0,144.26999999999998
3256.0,236.08
3257.0,154.36
3258.0,413.66
3260.0,245.17
3261.0,487.31
3262.0,710.26
3263.0,403.56
3264.0,255.25
3265.0,3490.8100000000004
3266.0,674.96
3267.0,78.7
3268.0,315.79
3269.0,182.23
3270.0,43.53
3272.0,274.35
3273.0,35.43
3274.0,511.24
3275.0,554.76
3276.0,299.66
3277.0,296.61
3278.0,88.07000000000001
3279.0,33.4
3280.0,165.01
3281.0,540.6
3282.0,105.29
3283.0,140.72
3285.0,1096.38
3286.0,141.73000000000002
3287.0,221.7
3289.0,55.68
3290.0,651.95
3291.0,220.69
3292.0,276.37
3293.0,151.85
3295.0,765.3299999999999
3297.0,37.46
3298.0,141.74
3299.0,253.09
3300.0,153.88
3302.0,161.97
3303.0,69.85
3304.0,146.79
3305.0,131.6
3306.0,342.17
3307.0,259.16
3308.0,1364.65
3309.0,152.87
3310.0,560.8499999999999
3311.0,647.9000000000001
3312.0,262.2
3314.0,1190.53
3315.0,921.25
3316.0,804.8199999999999
3317.0,417.09
3318.0,275.36
3319.0,855.44
3320.0,498.07
3321.0,179.18
3322.0,427.21
3323.0,333.07
3324.0,414.06
3325.0,16.19
3326.0,560.84
3327.0,551.73
3328.0,1330.23
3329.0,361.41
3330.0,716.74
3331.0,158.94
3332.0,362.42
3333.0,453.53
3334.0,635.75
3335.0,84.03
3336.0,646.89
3337.0,538.5699999999999
3338.0,971.86
3339.0,297.64
3340.0,827.09
3341.0,891.88
3342.0,473.79
3343.0,251.06
3344.0,509.21
3345.0,164.0
3347.0,109.33
3348.0,93.14
3349.0,530.48
3350.0,477.82
3351.0,562.87
3352.0,305.73
3353.0,166.02
3354.0,264.23
3355.0,189.31
3356.0,49.61
3357.0,1115.62
3358.0,523.38
3359.0,1026.52
3360.0,71.88
3361.0,277.39
3362.0,766.35
3363.0,482.9
3364.0,159.95
3365.0,907.06
3366.0,855.44
3367.0,605.3900000000001
3368.0,314.84
3369.0,120.46
3371.0,514.27
3372.0,288.52
3373.0,85.04
3374.0,1428.44
3375.0,201.46
3376.0,2037.87
3377.0,2206.92
3378.0,1171.06
3379.0,450.4
3381.0,714.58
3382.0,327.94
3383.0,222.67
3385.0,933.21
3386.0,1793.54
3387.0,569.85
3388.0,320.85
3389.0,470.65
3390.0,1041.51
3391.0,1866.42
3392.0,812.76
3393.0,843.1300000000001
3394.0,740.9000000000001
3395.0,533.4
3396.0,576.93
3397.0,892.73
3398.0,755.0699999999999
3399.0,429.15
3401.0,1149.81
3402.0,786.45
3403.0,616.4
3404.0,678.14
3405.0,402.84
3406.0,333.0
3407.0,199.4
3408.0,382.6
3409.0,341.1
3410.0,933.21
3411.0,465.59
3412.0,333.0
3413.0,359.32000000000005
3414.0,285.43
3415.0,555.66
3416.0,267.21
3417.0,1383.62
3419.0,396.77
3420.0,366.4
3421.0,563.77
3422.0,100.2
3423.0,406.89
3424.0,632.6
3425.0,683.1999999999999
3426.0,293.53
3427.0,1220.66
3428.0,434.22
3429.0,662.96
3430.0,716.61
3431.0,520.25
3432.0,311.75
3433.0,734.8299999999999
3435.0,270.25
3436.0,531.38
3437.0,697.38
3438.0,763.1700000000001
3439.0,975.72
3440.0,792.52
3442.0,693.3199999999999
3443.0,810.74
3444.0,13.16
3445.0,974.7
3447.0,654.87
3448.0,351.22
3449.0,1199.4
3450.0,325.92
3451.0,547.5799999999999
3452.0,145.75
3453.0,354.26
3454.0,754.06
3455.0,881.59
3457.0,7.09
3458.0,1518.23
3459.0,446.37
3460.0,236.85
3461.0,498.99
3462.0,782.4
3463.0,894.74
3464.0,325.91
3465.0,1001.03
3466.0,55.67
3468.0,70.98
3469.0,42.59
3470.0,1074.85
3473.0,1052.55
3474.0,13.18
3475.0,1097.16
3476.0,937.96
3477.0,389.38
3479.0,79.09
3481.0,1239.12
3484.0,491.8
3486.0,856.83
3487.0,42.59
3488.0,273.78
3491.0,13.18
3492.0,483.69
3493.0,160.21
3494.0,103.43
3495.0,1636.62
3496.0,849.75
3497.0,398.5
3498.0,165.28
3499.0,751.38
3500.0,31.43
3501.0,143.99
3502.0,199.76
3504.0,500.92
3505.0,481.67
3506.0,214.98
3507.0,77.06
3508.0,168.32999999999998
3509.0,887.26
3510.0,120.67
3511.0,485.71
3512.0,315.36
3513.0,111.54
3515.0,269.73
3517.0,308.26
3518.0,211.93
3519.0,429.94
3520.0,206.86
3521.0,208.89
3522.0,229.17
3523.0,746.3100000000001
3525.0,18.25
3526.0,430.95
3527.0,365.05
3528.0,124.72
3529.0,285.95
3530.0,588.13
3532.0,496.87
3533.0,2164.92
3534.0,438.05
3535.0,168.33
3536.0,750.37
3537.0,745.3
3538.0,1224.92
3540.0,348.82
3541.0,778.76
3542.0,693.5899999999999
3543.0,281.89
3544.0,813.24
3545.0,541.48
3546.0,858.86
3547.0,554.67
3548.0,930.87
3549.0,529.31
3550.0,999.81
3551.0,934.92
3552.0,1911.42
3553.0,1582.88
3554.0,840.62
3555.0,160.21
3556.0,347.81
3557.0,1186.4
3558.0,120.67
3559.0,1549.41
3560.0,1516.9599999999998
3561.0,111.54
3562.0,57.8
3563.0,502.94
3564.0,93.28
3565.0,1505.81
3566.0,203.81
3567.0,984.6
3568.0,102.42
3569.0,3070.42
3570.0,1422.65
3571.0,83.14
3572.0,235.25
3573.0,834.53
3574.0,1155.97
3575.0,127.76
3576.0,2004.71
3577.0,296.09000000000003
3578.0,389.38
3579.0,455.29
3580.0,318.4
3581.0,182.52
3582.0,801.0699999999999
3583.0,465.43
3584.0,457.32
3585.0,695.61
3586.0,919.15
3587.0,1055.5
3588.0,594.9300000000001
3589.0,482.8
3590.0,681.78
3591.0,225.24
3592.0,563.61
3593.0,1185.8
3594.0,354.53
3595.0,299.99
3596.0,1099.95
3597.0,457.55
3598.0,765.63
3599.0,83.83
3601.0,805.01
3602.0,370.69
3603.0,751.48
3604.0,221.21
3605.0,714.1
3606.0,1113.08
3607.0,39.39
3608.0,45.45
3609.0,188.88
3610.0,447.4500000000001
3611.0,782.7900000000001
3612.0,674.72
3613.0,64.64
3614.0,1651.4299999999998
3615.0,967.63
3616.0,87.87
3617.0,208.07
3618.0,1280.75
3619.0,166.66000000000005
3620.0,536.3299999999999
3623.0,35.35
3624.0,130.3
3625.0,1010.05
3626.0,45.45
3627.0,267.66
3628.0,87.87
3629.0,583.81
3630.0,447.4500000000001
3631.0,19.19
3632.0,1148.43
3633.0,96.96
3634.0,269.68
3635.0,402.01
3636.0,756.53
3637.0,313.12
3639.0,133.33
3640.0,108.07
3641.0,260.59000000000003
3642.0,475.73
3644.0,54.54
3645.0,327.26
3646.0,638.35
3647.0,164.64
3648.0,218.16000000000005
3649.0,350.49
3650.0,336.35
3651.0,184.84
3652.0,574.72
3653.0,572.7
3654.0,490.89
3656.0,268.67
3657.0,313.11
3658.0,328.27
3659.0,93.39
3660.0,421.24
3661.0,133.99
3662.0,49.74
3663.0,443.56
3664.0,149.21
3665.0,271.02
3666.0,1403.78
3667.0,254.77
3668.0,915.56
3669.0,0.0
3671.0,37.56
3673.0,28.43
3676.0,241.58
3678.0,1228.19
3679.0,692.25
3680.0,1575.33
3681.0,2573.09
3682.0,911.5
3684.0,605.97
3685.0,42.63
3686.0,45.68
3687.0,997.78
3688.0,794.77
3689.0,32.48
3690.0,119.77
3691.0,52.79
3692.0,276.09000000000003
3694.0,418.19
3695.0,283.19
3696.0,168.49
3697.0,686.1600000000001
3698.0,252.75
3699.0,171.54000000000002
3702.0,377.59
3703.0,223.31
3705.0,263.91
3706.0,518.6800000000001
3707.0,59.89
3708.0,142.1
3709.0,130.94
3710.0,429.36
3711.0,331.91
3713.0,40.6
3714.0,141.09
3716.0,374.54
3717.0,388.75
3718.0,145.15
3719.0,181.69
3720.0,1793.56
3721.0,307.55
3722.0,175.6
3723.0,459.81
3724.0,31.47
3725.0,253.76
3726.0,372.51
3727.0,376.58
3728.0,385.71
3729.0,577.55
3730.0,1274.88
3732.0,236.5
3733.0,271.01
3734.0,96.43
3735.0,316.67999999999995
3736.0,256.8
3737.0,142.11
3738.0,39.59
3739.0,2.03
3741.0,366.42
3742.0,498.38
3743.0,728.79
3744.0,235.48
3745.0,231.43
3746.0,595.8199999999999
3747.0,773.45
3748.0,1090.14
3749.0,710.52
3750.0,2064.57
3751.0,803.9
3752.0,506.5
3753.0,1552.9999999999998
3754.0,209.09
3755.0,1721.48
3756.0,246.65
3757.0,125.87
3758.0,615.11
3759.0,643.52
3760.0,243.61
3761.0,756.19
3762.0,206.05
3763.0,474.01
3764.0,155.3
3765.0,101.5
3766.0,321.77
3767.0,172.56
3768.0,110.64
3769.0,241.57
3770.0,418.19
3771.0,8.12
3772.0,816.0799999999999
3773.0,471.99
3775.0,289.29
3776.0,1204.84
3778.0,191.84
3779.0,52.78
3780.0,1285.02
3781.0,599.9
3782.0,133.99
3783.0,131.95
3785.0,770.4
3786.0,141.09
3787.0,233.46
3788.0,650.64
3789.0,213.16000000000005
3790.0,368.46
3791.0,174.58
3792.0,367.44000000000005
3793.0,23.35
3794.0,19.29
3795.0,106.58
3796.0,319.73
3797.0,35.529999999999994
3798.0,100.49
3799.0,352.22
3800.0,1668.7
3801.0,451.68
3802.0,636.42
3803.0,807.96
3805.0,232.44
3806.0,292.33000000000004
3807.0,2129.53
3809.0,38.57
3810.0,517.6600000000001
3811.0,485.19
3812.0,348.15
3813.0,310.6
3814.0,857.6999999999999
3815.0,1084.05
3816.0,719.65
3817.0,431.39
3818.0,152.26
3819.0,952.1
3820.0,873.94
3821.0,1398.71
3822.0,548.11
3823.0,260.87
3825.0,126.88
3826.0,455.75
3827.0,82.22
3828.0,1291.12
3829.0,101.5
3830.0,652.67
3831.0,352.21
3832.0,298.42
3833.0,161.39
3834.0,339.02
3835.0,281.16
3836.0,213.16
3837.0,121.81
3838.0,185.75
3839.0,688.19
3840.0,1227.17
3841.0,1397.7
3842.0,157.32999999999998
3843.0,81.2
3844.0,49.74
3845.0,261.88
3846.0,61.92
3847.0,424.28
3848.0,437.48
3849.0,274.06
3850.0,44.66
3851.0,1115.51
3852.0,416.16
3853.0,620.17
3854.0,252.74
3855.0,776.5
3856.0,24.37
3857.0,187.78
3858.0,435.45
3860.0,886.12
3861.0,20.3
3862.0,704.4300000000001
3863.0,2593.38
3864.0,563.34
3865.0,119.78
3866.0,330.9
3867.0,392.82
3868.0,111.17
3869.0,878.8
3870.0,563.28
3872.0,711.51
3873.0,28.58
3874.0,644.81
3875.0,733.74
3876.0,661.75
3877.0,184.23
3880.0,1734.3
3881.0,767.62
3882.0,968.8
3883.0,859.74
3884.0,77.30000000000001
3885.0,797.27
3886.0,47.64
3887.0,623.63
3888.0,968.8
3889.0,1387.02
3890.0,3140.38
3891.0,508.22
3892.0,609.87
3893.0,911.62
3894.0,286.93
3896.0,105.88
3897.0,589.75
3898.0,144.0
3899.0,838.5699999999999
3900.0,140.82
3901.0,526.22
3902.0,844.9200000000001
3903.0,497.63
3904.0,20.12
3906.0,256.23
3907.0,143.99
3908.0,471.16
3909.0,407.64
3910.0,220.23
3912.0,456.62
3914.0,374.51
3916.0,357.49
3917.0,1376.88
3918.0,414.57
3919.0,101.14
3920.0,522.72
3921.0,902.23
3922.0,411.57
3923.0,77.11
3924.0,481.66
3925.0,46.06
3927.0,128.18
3928.0,1048.43
3929.0,834.14
3930.0,200.27
3931.0,310.42
3932.0,512.7
3933.0,176.24
3934.0,907.24
3935.0,115.15
3936.0,108.15
3937.0,22.03
3938.0,416.5700000000001
3939.0,366.51
3940.0,1066.46
3941.0,362.5
3942.0,631.87
3943.0,250.34
3944.0,105.15
3945.0,546.75
3946.0,582.8
3947.0,769.06
3948.0,659.9100000000001
3949.0,792.08
3950.0,144.19
3951.0,294.41
3952.0,263.36
3953.0,56.08
3954.0,123.17
3955.0,318.44
3956.0,792.09
3957.0,32.04
3958.0,262.36
3959.0,30.04
3960.0,176.24
3961.0,317.43
3962.0,181.25
3963.0,377.52
3964.0,106.15
3966.0,59.08
3967.0,162.22
3968.0,428.58
3969.0,1033.41
3970.0,702.9599999999999
3972.0,468.64
3973.0,241.33
3974.0,183.25
3975.0,611.8299999999999
3976.0,412.56
3977.0,395.53
3978.0,538.74
3979.0,245.33
3980.0,608.84
3981.0,266.36
3982.0,582.79
3983.0,114.16
3984.0,153.21
3985.0,381.52
3986.0,49.06999999999999
3987.0,240.33
3988.0,353.49
3989.0,260.36
3990.0,260.36
3991.0,790.08
3992.0,648.89
3993.0,1152.57
3994.0,1116.52
3995.0,1289.77
3996.0,518.71
3997.0,83.12
3998.0,1055.45
3999.0,543.74
4000.0,1438.98
4001.0,2322.17
4002.0,597.82
4003.0,305.42
4004.0,454.62
4005.0,2186.41
4006.0,1555.14
4007.0,1606.3
4008.0,458.36
4009.0,1514.21
4010.0,1472.27
4011.0,446.09
4016.0,449.15
4017.0,83.05
4018.0,974.25
4019.0,138.74
4020.0,521.56
4022.0,373.7000000000001
4023.0,2118.63
4024.0,835.5
4025.0,1287.18
4026.0,359.52
4027.0,465.85
4028.0,169.13
4029.0,275.46
4030.0,428.38
4031.0,300.78
4032.0,312.94
4033.0,363.57
4034.0,515.48
4035.0,842.5899999999999
4036.0,1881.66
4037.0,99.24
4038.0,1876.59
4039.0,30.38
4040.0,279.51
4041.0,1571.75
4042.0,449.66
4043.0,476.99
4044.0,390.91
4045.0,425.34
4046.0,345.34
4047.0,1471.5
4048.0,1975.84
4049.0,505.35
4050.0,1167.68
4051.0,1224.4
4052.0,40.51
4053.0,1097.8000000000002
4054.0,593.46
4055.0,551.94
4056.0,1000.57
4065.0,0.0
4066.0,0.0
